{
  "lang":"it",
  "name":"core_news_sm",
  "version":"3.6.0",
  "description":"Italian pipeline optimized for CPU. Components: tok2vec, morphologizer, tagger, parser, lemmatizer (trainable_lemmatizer), senter, ner.",
  "author":"Explosion",
  "email":"contact@explosion.ai",
  "url":"https://explosion.ai",
  "license":"CC BY-NC-SA 3.0",
  "spacy_version":">=3.6.0,<3.7.0",
  "spacy_git_version":"cb4fdc83e",
  "vectors":{
    "width":0,
    "vectors":0,
    "keys":0,
    "name":null
  },
  "labels":{
    "tok2vec":[

    ],
    "morphologizer":[
      "POS=PROPN",
      "POS=PUNCT",
      "Gender=Masc|POS=NOUN",
      "Definite=Def|Gender=Fem|Number=Sing|POS=ADP|PronType=Art",
      "Gender=Fem|Number=Sing|POS=NOUN",
      "Gender=Masc|Number=Sing|POS=ADJ",
      "Gender=Masc|Number=Sing|POS=NOUN",
      "Definite=Ind|Gender=Fem|Number=Sing|POS=DET|PronType=Art",
      "Mood=Ind|Number=Sing|POS=AUX|Person=3|Tense=Pres|VerbForm=Fin",
      "Gender=Masc|Number=Sing|POS=AUX|Tense=Past|VerbForm=Part",
      "POS=AUX|VerbForm=Inf",
      "Gender=Fem|Number=Sing|POS=VERB|Tense=Past|VerbForm=Part",
      "POS=ADP",
      "Gender=Fem|Number=Sing|POS=ADJ",
      "POS=PRON|PronType=Rel",
      "Mood=Ind|Number=Sing|POS=VERB|Person=3|Tense=Pres|VerbForm=Fin",
      "Definite=Def|Gender=Masc|Number=Plur|POS=DET|PronType=Art",
      "Gender=Masc|Number=Plur|POS=NOUN",
      "Definite=Def|Gender=Fem|Number=Sing|POS=DET|PronType=Art",
      "Gender=Masc|Number=Sing|POS=PRON|PronType=Ind",
      "Definite=Def|Gender=Masc|Number=Plur|POS=ADP|PronType=Art",
      "Number=Plur|POS=ADJ",
      "Mood=Ind|Number=Plur|POS=VERB|Person=3|Tense=Pres|VerbForm=Fin",
      "Definite=Def|Number=Sing|POS=DET|PronType=Art",
      "Mood=Ind|Number=Plur|POS=AUX|Person=3|Tense=Pres|VerbForm=Fin",
      "Gender=Masc|Number=Sing|POS=VERB|Tense=Past|VerbForm=Part",
      "POS=VERB|VerbForm=Inf",
      "Definite=Ind|Gender=Masc|Number=Sing|POS=DET|PronType=Art",
      "Number=Sing|POS=ADJ",
      "POS=CCONJ",
      "NumType=Card|POS=NUM",
      "Definite=Def|Gender=Masc|Number=Sing|POS=ADP|PronType=Art",
      "Definite=Def|Gender=Fem|Number=Plur|POS=ADP|PronType=Art",
      "Gender=Fem|Number=Plur|POS=NOUN",
      "Clitic=Yes|POS=PRON|Person=3|PronType=Prs",
      "Gender=Fem|Number=Plur|POS=ADJ",
      "Gender=Fem|Number=Plur|POS=DET|Poss=Yes|PronType=Prs",
      "Gender=Masc|Number=Plur|POS=ADJ",
      "POS=SPACE",
      "Definite=Def|Number=Sing|POS=ADP|PronType=Art",
      "Definite=Def|Gender=Masc|Number=Sing|POS=DET|PronType=Art",
      "Gender=Masc|NumType=Ord|Number=Sing|POS=ADJ",
      "POS=ADV",
      "POS=NOUN",
      "Number=Sing|POS=NOUN",
      "POS=VERB|VerbForm=Ger",
      "Gender=Masc|Number=Sing|POS=DET|Poss=Yes|PronType=Prs",
      "POS=INTJ",
      "Clitic=Yes|Number=Sing|POS=PRON|Person=2|PronType=Prs",
      "Mood=Ind|Number=Sing|POS=AUX|Person=1|Tense=Pres|VerbForm=Fin",
      "Gender=Fem|Number=Sing|POS=AUX|Tense=Past|VerbForm=Part",
      "Definite=Def|Gender=Fem|Number=Plur|POS=DET|PronType=Art",
      "Mood=Ind|Number=Sing|POS=VERB|Person=3|Tense=Imp|VerbForm=Fin",
      "Gender=Fem|POS=NOUN",
      "Gender=Fem|Number=Plur|POS=VERB|Tense=Past|VerbForm=Part",
      "Gender=Fem|Number=Sing|POS=DET|PronType=Tot",
      "Mood=Cnd|Number=Sing|POS=AUX|Person=3|Tense=Pres|VerbForm=Fin",
      "Mood=Cnd|Number=Plur|POS=AUX|Person=3|Tense=Pres|VerbForm=Fin",
      "Gender=Masc|Number=Plur|POS=PRON|PronType=Ind",
      "Number=Plur|POS=PRON|Person=3|PronType=Prs",
      "Mood=Ind|Number=Plur|POS=AUX|Person=3|Tense=Imp|VerbForm=Fin",
      "Gender=Masc|Number=Plur|POS=VERB|Tense=Past|VerbForm=Part",
      "Number=Plur|POS=NOUN",
      "POS=SCONJ",
      "Number=Sing|POS=DET|PronType=Ind",
      "POS=ADV|PronType=Neg",
      "Clitic=Yes|POS=VERB|PronType=Prs|VerbForm=Inf",
      "Gender=Fem|Number=Plur|POS=AUX|Tense=Past|VerbForm=Part",
      "Gender=Fem|Number=Plur|POS=DET|PronType=Ind",
      "Gender=Fem|Number=Sing|POS=PRON|PronType=Ind",
      "POS=ADJ",
      "Number=Sing|POS=PRON|PronType=Rel",
      "Gender=Fem|NumType=Ord|Number=Sing|POS=ADJ",
      "Number=Sing|POS=PRON|PronType=Ind",
      "Gender=Masc|Number=Sing|POS=PRON|Person=3|PronType=Prs",
      "Gender=Masc|Number=Plur|POS=AUX|Tense=Past|VerbForm=Part",
      "Clitic=Yes|POS=VERB|Person=3|PronType=Prs|VerbForm=Ger",
      "Mood=Ind|Number=Sing|POS=AUX|Person=3|Tense=Imp|VerbForm=Fin",
      "Mood=Ind|Number=Plur|POS=VERB|Person=3|Tense=Imp|VerbForm=Fin",
      "POS=DET|Poss=Yes|PronType=Prs",
      "Gender=Masc|Number=Plur|POS=DET|Poss=Yes|PronType=Prs",
      "Mood=Sub|Number=Sing|POS=AUX|Person=3|Tense=Pres|VerbForm=Fin",
      "Gender=Masc|Number=Plur|POS=DET|PronType=Ind",
      "Gender=Masc|Number=Sing|POS=PRON|PronType=Dem",
      "Mood=Ind|Number=Sing|POS=VERB|Person=3|Tense=Past|VerbForm=Fin",
      "Clitic=Yes|Gender=Masc|Number=Plur|POS=VERB|Person=3|PronType=Prs|VerbForm=Ger",
      "Gender=Fem|Number=Sing|POS=DET|Poss=Yes|PronType=Prs",
      "Gender=Masc|Number=Sing|POS=DET|PronType=Dem",
      "Clitic=Yes|Gender=Masc|Number=Sing|POS=VERB|Person=3|PronType=Prs|VerbForm=Inf",
      "Clitic=Yes|POS=PRON|PronType=Prs",
      "Gender=Masc|Number=Plur|POS=DET|PronType=Tot",
      "Clitic=Yes|Gender=Masc|Number=Plur|POS=PRON|Person=3|PronType=Prs",
      "Clitic=Yes|Number=Sing|POS=PRON|Person=1|PronType=Prs",
      "Degree=Cmp|Number=Plur|POS=ADJ",
      "Clitic=Yes|Gender=Masc|Number=Plur|POS=VERB|Person=3|PronType=Prs|VerbForm=Inf",
      "Number=Sing|POS=PRON|Person=3|PronType=Prs",
      "Degree=Cmp|Number=Sing|POS=ADJ",
      "Gender=Masc|Number=Plur|POS=DET|PronType=Dem",
      "Degree=Abs|POS=ADV",
      "Clitic=Yes|Gender=Fem|Number=Sing|POS=VERB|Person=3|PronType=Prs|VerbForm=Inf",
      "Mood=Cnd|Number=Plur|POS=VERB|Person=3|Tense=Pres|VerbForm=Fin",
      "Clitic=Yes|Gender=Masc|Number=Sing|POS=AUX|Person=3|PronType=Prs|VerbForm=Inf",
      "Gender=Fem|Number=Sing|POS=DET|PronType=Dem",
      "POS=DET|PronType=Exc",
      "Number=Plur|POS=PRON|Person=1|PronType=Prs",
      "Mood=Ind|Number=Plur|POS=AUX|Person=1|Tense=Pres|VerbForm=Fin",
      "Clitic=Yes|Number=Plur|POS=PRON|Person=1|PronType=Prs",
      "Mood=Ind|Number=Plur|POS=VERB|Person=1|Tense=Pres|VerbForm=Fin",
      "Mood=Ind|Number=Plur|POS=VERB|Person=3|Tense=Past|VerbForm=Fin",
      "Mood=Ind|Number=Sing|POS=VERB|Person=1|Tense=Past|VerbForm=Fin",
      "Number=Sing|POS=DET|PronType=Dem",
      "Mood=Ind|Number=Sing|POS=AUX|Person=3|Tense=Past|VerbForm=Fin",
      "Mood=Ind|Number=Sing|POS=VERB|Person=3|Tense=Fut|VerbForm=Fin",
      "Gender=Fem|NumType=Ord|Number=Plur|POS=ADJ",
      "Mood=Sub|Number=Sing|POS=VERB|Person=3|Tense=Imp|VerbForm=Fin",
      "Mood=Ind|Number=Plur|POS=AUX|Person=3|Tense=Past|VerbForm=Fin",
      "Number=Sing|POS=DET|PronType=Int",
      "POS=PRON|PronType=Int",
      "Clitic=Yes|Gender=Masc|Number=Sing|POS=PRON|Person=3|PronType=Prs",
      "Mood=Ind|Number=Plur|POS=VERB|Person=1|Tense=Past|VerbForm=Fin",
      "Mood=Sub|Number=Plur|POS=VERB|Person=3|Tense=Pres|VerbForm=Fin",
      "Gender=Fem|Number=Plur|POS=PRON|PronType=Ind",
      "Number=Sing|POS=ADP",
      "Mood=Ind|Number=Sing|POS=AUX|Person=3|Tense=Fut|VerbForm=Fin",
      "Foreign=Yes|POS=X",
      "Mood=Sub|Number=Sing|POS=VERB|Person=3|Tense=Pres|VerbForm=Fin",
      "Clitic=Yes|POS=VERB|Person=3|PronType=Prs|VerbForm=Inf",
      "Clitic=Yes|POS=AUX|Person=3|PronType=Prs|VerbForm=Inf",
      "Clitic=Yes|Gender=Masc|Mood=Imp|Number=Plur,Sing|POS=VERB|Person=1,3|PronType=Prs|Tense=Pres|VerbForm=Fin",
      "Mood=Sub|Number=Sing|POS=AUX|Person=3|Tense=Imp|VerbForm=Fin",
      "Gender=Fem|Number=Sing|POS=PRON|Poss=Yes|PronType=Prs",
      "Number=Plur|POS=VERB|Tense=Pres|VerbForm=Part",
      "POS=INTJ|Polarity=Neg",
      "Mood=Ind|Number=Sing|POS=AUX|Person=1|Tense=Imp|VerbForm=Fin",
      "Number=Plur|POS=PRON|PronType=Rel",
      "Mood=Sub|Number=Plur|POS=VERB|Person=3|Tense=Imp|VerbForm=Fin",
      "Gender=Fem|Number=Sing|POS=DET|PronType=Ind",
      "Gender=Fem|Number=Sing|POS=PRON|PronType=Dem",
      "Mood=Sub|Number=Plur|POS=AUX|Person=3|Tense=Pres|VerbForm=Fin",
      "Gender=Fem|Number=Plur|POS=DET|PronType=Dem",
      "Gender=Masc|Number=Plur|POS=PRON|PronType=Rel",
      "Clitic=Yes|Number=Plur|POS=VERB|Person=1|PronType=Prs|VerbForm=Ger",
      "POS=INTJ|Polarity=Pos",
      "Gender=Fem|Number=Sing|POS=PRON|Person=3|PronType=Prs",
      "Gender=Fem|Number=Sing|POS=DET|PronType=Int",
      "POS=DET|PronType=Int",
      "Gender=Masc|NumType=Ord|Number=Plur|POS=ADJ",
      "Gender=Fem|Number=Plur|POS=DET|PronType=Int",
      "Mood=Cnd|Number=Plur|POS=AUX|Person=1|Tense=Pres|VerbForm=Fin",
      "POS=PRON|Person=3|PronType=Prs",
      "Degree=Abs|Gender=Masc|Number=Plur|POS=ADJ",
      "Gender=Masc|Number=Sing|POS=DET|PronType=Ind",
      "Number=Sing|POS=PRON|Person=1|PronType=Prs",
      "Gender=Masc|Number=Plur|POS=PRON|PronType=Dem",
      "Clitic=Yes|Number=Sing|POS=PRON|Person=3|PronType=Prs",
      "Clitic=Yes|Gender=Fem|POS=VERB|Person=3|PronType=Prs|VerbForm=Inf",
      "Clitic=Yes|Gender=Fem|POS=PRON|Person=3|PronType=Prs",
      "Mood=Ind|Number=Plur|POS=VERB|Person=1|Tense=Fut|VerbForm=Fin",
      "Degree=Abs|Gender=Fem|Number=Sing|POS=ADJ",
      "Gender=Masc|Number=Sing|POS=DET|PronType=Tot",
      "Clitic=Yes|POS=AUX|PronType=Prs|VerbForm=Inf",
      "Gender=Fem|Number=Plur|POS=DET|PronType=Tot",
      "Mood=Ind|Number=Sing|POS=VERB|Person=1|Tense=Pres|VerbForm=Fin",
      "Gender=Fem|Number=Plur|POS=PRON|PronType=Dem",
      "Degree=Abs|Gender=Masc|Number=Sing|POS=ADJ",
      "NumType=Ord|POS=ADJ",
      "POS=DET|PronType=Rel",
      "Gender=Masc|Number=Sing|POS=PRON|PronType=Rel",
      "Gender=Masc|Number=Plur|POS=PRON|Poss=Yes|PronType=Prs",
      "Mood=Ind|Number=Plur|POS=VERB|Person=2|Tense=Pres|VerbForm=Fin",
      "Mood=Imp|Number=Plur|POS=VERB|Person=2|Tense=Pres|VerbForm=Fin",
      "Clitic=Yes|Gender=Fem|Number=Sing|POS=PRON|Person=3|PronType=Prs",
      "Number=Sing|POS=PRON|Person=2|PronType=Prs",
      "Mood=Cnd|Number=Sing|POS=VERB|Person=3|Tense=Pres|VerbForm=Fin",
      "Mood=Ind|Number=Sing|POS=VERB|Person=2|Tense=Pres|VerbForm=Fin",
      "Mood=Ind|Number=Sing|POS=VERB|Person=1|Tense=Fut|VerbForm=Fin",
      "Mood=Ind|Number=Sing|POS=AUX|Person=2|Tense=Pres|VerbForm=Fin",
      "Mood=Ind|Number=Plur|POS=AUX|Person=2|Tense=Pres|VerbForm=Fin",
      "Clitic=Yes|Number=Plur|POS=PRON|Person=2|PronType=Prs",
      "Clitic=Yes|Number=Sing|POS=VERB|Person=1|PronType=Prs|VerbForm=Inf",
      "Mood=Imp|Number=Sing|POS=VERB|Person=2|Tense=Pres|VerbForm=Fin",
      "Mood=Ind|Number=Sing|POS=AUX|Person=1|Tense=Fut|VerbForm=Fin",
      "Mood=Ind|Number=Plur|POS=VERB|Person=2|Tense=Fut|VerbForm=Fin",
      "Mood=Ind|Number=Plur|POS=VERB|Person=3|Tense=Fut|VerbForm=Fin",
      "Mood=Cnd|Number=Sing|POS=VERB|Person=1|Tense=Pres|VerbForm=Fin",
      "Clitic=Yes|POS=VERB|PronType=Prs|VerbForm=Ger",
      "Mood=Ind|Number=Sing|POS=VERB|Person=1|Tense=Imp|VerbForm=Fin",
      "Mood=Ind|Number=Plur|POS=AUX|Person=1|Tense=Imp|VerbForm=Fin",
      "Mood=Cnd|Number=Sing|POS=AUX|Person=1|Tense=Pres|VerbForm=Fin",
      "Clitic=Yes|Gender=Masc|Number=Plur|POS=VERB|Person=3|PronType=Prs|Tense=Past|VerbForm=Part",
      "Number=Sing|POS=PRON|PronType=Int",
      "Mood=Ind|Number=Sing|POS=AUX|Person=2|Tense=Imp|VerbForm=Fin",
      "Mood=Ind|Number=Plur|POS=VERB|Person=1|Tense=Imp|VerbForm=Fin",
      "Number=Plur|POS=PRON|Person=2|PronType=Prs",
      "Clitic=Yes|Number=Plur|POS=VERB|Person=2|PronType=Prs|VerbForm=Inf",
      "Clitic=Yes|Number=Plur|POS=VERB|Person=1|PronType=Prs|VerbForm=Inf",
      "Mood=Sub|Number=Plur|POS=AUX|Person=3|Tense=Imp|VerbForm=Fin",
      "Mood=Ind|Number=Plur|POS=AUX|Person=2|Tense=Fut|VerbForm=Fin",
      "Mood=Ind|Number=Plur|POS=AUX|Person=3|Tense=Fut|VerbForm=Fin",
      "Definite=Def|POS=DET|PronType=Art",
      "Mood=Sub|Number=Sing|POS=VERB|Person=2|Tense=Pres|VerbForm=Fin",
      "POS=SYM",
      "Clitic=Yes|Mood=Imp|Number=Sing|POS=VERB|Person=2|PronType=Prs|Tense=Pres|VerbForm=Fin",
      "Clitic=Yes|Gender=Masc|Mood=Imp|Number=Sing|POS=VERB|Person=2,3|PronType=Prs|Tense=Pres|VerbForm=Fin",
      "Mood=Ind|Number=Sing|POS=VERB|Person=2|Tense=Fut|VerbForm=Fin",
      "Clitic=Yes|Gender=Fem|POS=VERB|Person=3|PronType=Prs|VerbForm=Ger",
      "Degree=Abs|Gender=Fem|Number=Plur|POS=ADJ",
      "Number=Sing|POS=PRON|PronType=Dem",
      "POS=AUX|VerbForm=Ger",
      "Gender=Masc|Number=Sing|POS=PRON|Poss=Yes|PronType=Prs",
      "Clitic=Yes|Gender=Masc|Number=Sing|POS=PRON|Person=3|PronType=Prs|VerbForm=Inf",
      "POS=PRON|PronType=Ind",
      "Clitic=Yes|Mood=Imp|Number=Plur|POS=VERB|Person=1|PronType=Prs|Tense=Pres|VerbForm=Fin",
      "POS=X",
      "Gender=Masc|POS=ADJ",
      "Clitic=Yes|Gender=Fem|Number=Sing|POS=AUX|Person=3|PronType=Prs|VerbForm=Inf",
      "Gender=Fem|Number=Plur|POS=PRON|Person=3|PronType=Prs",
      "Gender=Masc|Number=Plur|POS=PRON|Person=3|PronType=Prs",
      "Mood=Cnd|Number=Sing|POS=VERB|Person=2|Tense=Pres|VerbForm=Fin",
      "Clitic=Yes|Number=Sing|POS=VERB|Person=2|PronType=Prs|VerbForm=Inf",
      "Clitic=Yes|Gender=Fem|Number=Sing|POS=VERB|Person=3|PronType=Prs|Tense=Past|VerbForm=Part",
      "Mood=Sub|Number=Plur|POS=VERB|Person=2|Tense=Imp|VerbForm=Fin",
      "POS=PART",
      "Number=Sing|POS=VERB|Tense=Pres|VerbForm=Part",
      "NumType=Ord|Number=Sing|POS=ADJ",
      "Number=Plur|POS=DET|PronType=Int",
      "Clitic=Yes|Mood=Sub|Number=Plur|POS=VERB|Person=1|PronType=Prs|Tense=Pres|VerbForm=Fin",
      "Number=Plur|POS=DET|PronType=Rel",
      "Mood=Sub|Number=Sing|POS=VERB|Person=1|Tense=Imp|VerbForm=Fin",
      "Clitic=Yes|Gender=Fem|Number=Sing|POS=VERB|Person=3|PronType=Prs|VerbForm=Ger",
      "Clitic=Yes|Gender=Masc|Number=Sing|POS=VERB|Person=3|PronType=Prs|VerbForm=Ger",
      "Clitic=Yes|Number=Sing|POS=VERB|Person=1|PronType=Prs|VerbForm=Ger",
      "Clitic=Yes|Number=Sing|POS=AUX|Person=1|PronType=Prs|VerbForm=Ger",
      "Clitic=Yes|Gender=Masc|Number=Plur|POS=AUX|Person=3|PronType=Prs|VerbForm=Inf",
      "Clitic=Yes|Mood=Imp|Number=Plur,Sing|POS=VERB|Person=1,2|PronType=Prs|Tense=Pres|VerbForm=Fin",
      "Mood=Imp|Number=Plur|POS=AUX|Person=2|Tense=Pres|VerbForm=Fin",
      "NumType=Range|POS=NUM",
      "Number=Plur|POS=PRON|PronType=Dem",
      "POS=VERB|Tense=Past|VerbForm=Part",
      "Clitic=Yes|POS=ADV|PronType=Prs",
      "Clitic=Yes|Mood=Ind|Number=Plur|POS=VERB|Person=1|PronType=Prs|Tense=Pres|VerbForm=Fin",
      "Gender=Masc|POS=PRON|PronType=Rel",
      "Clitic=Yes|Gender=Masc|Mood=Imp|Number=Plur,Sing|POS=VERB|Person=2,3|PronType=Prs|Tense=Pres|VerbForm=Fin",
      "Clitic=Yes|Number=Sing|POS=AUX|Person=2|PronType=Prs|VerbForm=Inf",
      "Clitic=Yes|Number=Sing|POS=VERB|Person=2|PronType=Prs|VerbForm=Ger",
      "Mood=Imp|Number=Sing|POS=AUX|Person=2|Tense=Pres|VerbForm=Fin",
      "Clitic=Yes|Gender=Fem|Mood=Imp|Number=Sing|POS=VERB|Person=2,3|PronType=Prs|Tense=Pres|VerbForm=Fin",
      "Mood=Sub|Number=Plur|POS=AUX|Person=1|Tense=Imp|VerbForm=Fin",
      "Mood=Ind|Number=Sing|POS=AUX|Person=1|Tense=Past|VerbForm=Fin",
      "Clitic=Yes|Gender=Masc|Number=Sing|POS=VERB|Person=3|PronType=Prs|Tense=Past|VerbForm=Part",
      "Clitic=Yes|Gender=Masc|Number=Plur,Sing|POS=VERB|Person=3|PronType=Prs|VerbForm=Inf",
      "Definite=Ind|POS=DET|PronType=Art",
      "Clitic=Yes|Gender=Fem,Masc|Number=Sing|POS=VERB|Person=3|PronType=Prs|Tense=Past|VerbForm=Part",
      "Definite=Ind|Gender=Masc|Number=Plur|POS=DET|PronType=Art",
      "Definite=Def|Number=Plur|POS=ADP|PronType=Art",
      "Clitic=Yes|Gender=Fem|Number=Plur|POS=VERB|Person=3|PronType=Prs|VerbForm=Inf",
      "POS=DET|PronType=Ind",
      "Number=Plur|POS=DET|PronType=Dem",
      "Clitic=Yes|Gender=Fem|Number=Plur|POS=PRON|Person=3|PronType=Prs",
      "Number=Plur|POS=DET|PronType=Tot",
      "Clitic=Yes|POS=AUX|Person=3|PronType=Prs|VerbForm=Ger",
      "Number=Plur|POS=PRON|PronType=Ind",
      "Clitic=Yes|Gender=Fem,Masc|Number=Plur,Sing|POS=VERB|Person=3|PronType=Prs|Tense=Past|VerbForm=Part",
      "Clitic=Yes|Number=Plur|POS=VERB|PronType=Prs|VerbForm=Inf",
      "Number=Plur|POS=PRON|Poss=Yes|PronType=Prs",
      "Number=Sing|POS=PRON|Poss=Yes|PronType=Prs",
      "Number=Plur|POS=ADP",
      "Clitic=Yes|Gender=Masc|Number=Sing|POS=ADV|Person=3|PronType=Prs",
      "Clitic=Yes|Mood=Imp|Number=Plur|POS=VERB|Person=1,2|PronType=Prs|Tense=Pres|VerbForm=Fin",
      "Clitic=Yes|Gender=Fem|Number=Plur|POS=VERB|Person=3|PronType=Prs|Tense=Past|VerbForm=Part",
      "Mood=Sub|Number=Sing|POS=AUX|Person=1|Tense=Imp|VerbForm=Fin",
      "Mood=Cnd|Number=Plur|POS=AUX|Person=2|Tense=Pres|VerbForm=Fin",
      "Mood=Cnd|Number=Plur|POS=VERB|Person=2|Tense=Pres|VerbForm=Fin",
      "Clitic=Yes|Gender=Fem|Number=Plur|POS=ADV|Person=3|PronType=Prs",
      "POS=DET|PronType=Tot",
      "POS=PRON|PronType=Dem",
      "Clitic=Yes|Gender=Masc|Mood=Imp|Number=Plur|POS=VERB|Person=2,3|PronType=Prs|Tense=Pres|VerbForm=Fin",
      "Definite=Ind|Number=Sing|POS=DET|PronType=Art",
      "NumType=Ord|POS=NUM",
      "Clitic=Yes|Gender=Fem|Number=Plur|POS=VERB|Person=3|PronType=Prs|VerbForm=Ger",
      "Gender=Masc|POS=DET|PronType=Dem",
      "Clitic=Yes|Gender=Masc|Number=Plur,Sing|POS=VERB|Person=3|PronType=Prs|Tense=Past|VerbForm=Part",
      "Gender=Masc|Number=Sing|POS=NOUN|Tense=Past|VerbForm=Part",
      "Gender=Masc|Number=Plur|POS=DET|PronType=Int",
      "Gender=Masc|Number=Plur|POS=PRON|PronType=Int",
      "Gender=Fem|Number=Plur|POS=PRON|PronType=Int",
      "Mood=Imp|Number=Sing|POS=VERB|Person=3|Tense=Pres|VerbForm=Fin",
      "Gender=Masc|Number=Sing|POS=DET|PronType=Int",
      "Gender=Fem|Number=Sing|POS=PRON|PronType=Int",
      "Number=Plur|POS=PRON|PronType=Int",
      "Mood=Cnd|Number=Sing|POS=AUX|Person=2|Tense=Pres|VerbForm=Fin",
      "Gender=Masc|Number=Sing|POS=PRON|PronType=Int",
      "Clitic=Yes|Number=Plur|POS=PRON|PronType=Prs",
      "Foreign=Yes|Number=Sing|POS=X",
      "Mood=Ind|Number=Plur|POS=AUX|Person=1|Tense=Fut|VerbForm=Fin",
      "POS=PRON|PronType=Prs",
      "Mood=Sub|Number=Plur|POS=AUX|Person=2|Tense=Pres|VerbForm=Fin",
      "Clitic=Yes|Mood=Ind|Number=Sing|POS=VERB|Person=3|PronType=Prs|Tense=Pres|VerbForm=Fin",
      "Mood=Ind|POS=VERB|Person=3|Tense=Pres|VerbForm=Fin",
      "Mood=Cnd|Number=Plur|POS=VERB|Person=1|Tense=Pres|VerbForm=Fin",
      "Mood=Sub|Number=Plur|POS=VERB|Person=1|Tense=Pres|VerbForm=Fin",
      "Mood=Ind|Number=Plur|POS=AUX|Person=2|Tense=Imp|VerbForm=Fin",
      "POS=SCONJ|PronType=Rel",
      "Mood=Sub|Number=Plur|POS=VERB|Person=1|Tense=Imp|VerbForm=Fin",
      "POS=PRON|Person=3|PronType=Rel",
      "Clitic=Yes|Number=Plur|POS=VERB|Person=2|PronType=Prs|VerbForm=Ger",
      "Mood=Sub|Number=Sing|POS=VERB|Person=3|VerbForm=Fin",
      "Clitic=Yes|Mood=Ind|Number=Sing|POS=VERB|Person=1,3|PronType=Prs|Tense=Past|VerbForm=Fin",
      "Mood=Ind|POS=VERB|Tense=Pres|VerbForm=Fin",
      "Degree=Cmp|POS=ADJ",
      "Mood=Ind|Number=Sing|POS=AUX|Person=2|Tense=Fut|VerbForm=Fin",
      "Definite=Def|Number=Plur|POS=DET|PronType=Art",
      "Number=Sing|POS=DET|Poss=Yes|PronType=Prs",
      "Gender=Masc|Number=Sing|POS=ADP",
      "Gender=Fem|POS=ADJ",
      "Mood=Sub|Number=Plur|POS=VERB|Person=2|Tense=Pres|VerbForm=Fin",
      "Clitic=Yes|Gender=Fem|Mood=Imp|Number=Plur|POS=VERB|Person=2,3|PronType=Prs|Tense=Pres|VerbForm=Fin",
      "Clitic=Yes|Number=Plur|POS=PRON|Person=3|PronType=Prs",
      "Gender=Masc|POS=DET|Poss=Yes|PronType=Prs",
      "Gender=Fem|Number=Plur|POS=PROPN",
      "Definite=Ind|Gender=Fem|Number=Plur|POS=DET|PronType=Art",
      "Number=Sing|POS=DET|PronType=Art",
      "Gender=Fem|Number=Sing|POS=ADJ|Poss=Yes|PronType=Prs",
      "Foreign=Yes|POS=NOUN",
      "Clitic=Yes|Gender=Fem|Mood=Imp|Number=Plur|POS=VERB|Person=1,3|PronType=Prs|Tense=Pres|VerbForm=Fin",
      "Clitic=Yes|Gender=Masc|Mood=Imp|Number=Plur|POS=VERB|Person=1,3|PronType=Prs|Tense=Pres|VerbForm=Fin",
      "Gender=Masc|Number=Plur|POS=DET",
      "Clitic=Yes|Gender=Fem|Mood=Imp|Number=Plur,Sing|POS=VERB|Person=1,3|PronType=Prs|Tense=Pres|VerbForm=Fin",
      "Mood=Sub|Number=Plur|POS=AUX|Person=1|Tense=Pres|VerbForm=Fin",
      "Gender=Fem|Number=Plur|POS=VERB|Tense=Past|VerbForm=Fin",
      "Gender=Fem|Number=Plur|POS=DET",
      "Number=Sing|POS=X",
      "Foreign=Yes|Gender=Masc|POS=X",
      "Clitic=Yes|Gender=Fem|Number=Plur|POS=PRON|PronType=Prs",
      "Clitic=Yes|Gender=Masc|Number=Sing|POS=PRON|PronType=Prs",
      "Clitic=Yes|Definite=Def|Gender=Fem|Number=Plur|POS=PRON|PronType=Art",
      "Gender=Masc|Number=Plur|POS=VERB|Tense=Past|VerbForm=Fin",
      "Definite=Def|Gender=Fem|POS=DET",
      "Definite=Def|POS=DET",
      "Foreign=Yes|POS=PROPN",
      "NumType=Card|POS=PROPN",
      "Gender=Fem|Number=Sing|POS=DET",
      "Degree=Abs|Gender=Masc|Number=Sing|POS=ADV",
      "Gender=Masc|Number=Plur|POS=NOUN|Tense=Past|VerbForm=Part",
      "Mood=Imp|Number=Plur|POS=VERB|Person=2",
      "Clitic=Yes|Number=Plur|POS=AUX|Person=1|PronType=Prs|VerbForm=Inf",
      "Gender=Masc|Number=Sing|POS=DET",
      "Number=Sing|POS=DET",
      "Gender=Masc|Number=Sing|POS=PRON",
      "POS=DET"
    ],
    "tagger":[
      "A",
      "AP",
      "B",
      "BN",
      "B_PC",
      "CC",
      "CS",
      "DD",
      "DE",
      "DI",
      "DQ",
      "DR",
      "E",
      "E_RD",
      "FB",
      "FC",
      "FF",
      "FS",
      "I",
      "N",
      "NO",
      "PART",
      "PC",
      "PC_PC",
      "PD",
      "PE",
      "PI",
      "PP",
      "PQ",
      "PR",
      "RD",
      "RI",
      "S",
      "SP",
      "SW",
      "SYM",
      "T",
      "V",
      "VA",
      "VA_PC",
      "VM",
      "VM_PC",
      "VM_PC_PC",
      "V_B",
      "V_PC",
      "V_PC_PC",
      "X",
      "_SP"
    ],
    "parser":[
      "ROOT",
      "acl",
      "acl:relcl",
      "advcl",
      "advmod",
      "amod",
      "appos",
      "aux",
      "aux:pass",
      "case",
      "cc",
      "ccomp",
      "compound",
      "conj",
      "cop",
      "csubj",
      "dep",
      "det",
      "det:poss",
      "det:predet",
      "discourse",
      "expl",
      "expl:impers",
      "expl:pass",
      "fixed",
      "flat",
      "flat:foreign",
      "flat:name",
      "iobj",
      "mark",
      "nmod",
      "nsubj",
      "nsubj:pass",
      "nummod",
      "obj",
      "obl",
      "obl:agent",
      "parataxis",
      "punct",
      "vocative",
      "xcomp"
    ],
    "attribute_ruler":[

    ],
    "ner":[
      "LOC",
      "MISC",
      "ORG",
      "PER"
    ]
  },
  "pipeline":[
    "tok2vec",
    "morphologizer",
    "tagger",
    "parser",
    "lemmatizer",
    "attribute_ruler",
    "ner"
  ],
  "components":[
    "tok2vec",
    "morphologizer",
    "tagger",
    "parser",
    "lemmatizer",
    "senter",
    "attribute_ruler",
    "ner"
  ],
  "disabled":[
    "senter"
  ],
  "performance":{
    "token_acc":0.9992812865,
    "token_p":0.9980235379,
    "token_r":0.9978442468,
    "token_f":0.9979338843,
    "pos_acc":0.9701163888,
    "morph_acc":0.9701573034,
    "morph_micro_p":0.9852728991,
    "morph_micro_r":0.9772502961,
    "morph_micro_f":0.9812451998,
    "morph_per_feat":{
      "Gender":{
        "p":0.9885104637,
        "r":0.9836668028,
        "f":0.9860826852
      },
      "Number":{
        "p":0.9925554297,
        "r":0.984746307,
        "f":0.9886354477
      },
      "NumType":{
        "p":0.9848484848,
        "r":0.9594095941,
        "f":0.9719626168
      },
      "Definite":{
        "p":0.9923349057,
        "r":0.9982206406,
        "f":0.9952690716
      },
      "PronType":{
        "p":0.9887827171,
        "r":0.9842845327,
        "f":0.9865284974
      },
      "Mood":{
        "p":0.9620563035,
        "r":0.943577431,
        "f":0.9527272727
      },
      "Person":{
        "p":0.9701195219,
        "r":0.9428848015,
        "f":0.9563082965
      },
      "Tense":{
        "p":0.9571183533,
        "r":0.949787234,
        "f":0.9534387014
      },
      "VerbForm":{
        "p":0.9740896359,
        "r":0.963963964,
        "f":0.9690003483
      },
      "Degree":{
        "p":1.0,
        "r":0.8235294118,
        "f":0.9032258065
      },
      "Clitic":{
        "p":0.9943181818,
        "r":0.935828877,
        "f":0.9641873278
      },
      "Poss":{
        "p":1.0,
        "r":1.0,
        "f":1.0
      },
      "Polarity":{
        "p":1.0,
        "r":0.3333333333,
        "f":0.5
      },
      "Foreign":{
        "p":0.8333333333,
        "r":1.0,
        "f":0.9090909091
      }
    },
    "tag_acc":0.9650368506,
    "sents_p":0.9770723104,
    "sents_r":0.9822695035,
    "sents_f":0.9796640141,
    "dep_uas":0.8969952665,
    "dep_las":0.8575397438,
    "dep_las_per_type":{
      "root":{
        "p":0.8641975309,
        "r":0.8687943262,
        "f":0.866489832
      },
      "flat:name":{
        "p":0.8947368421,
        "r":0.8607594937,
        "f":0.8774193548
      },
      "case":{
        "p":0.9721380981,
        "r":0.9768715764,
        "f":0.9744990893
      },
      "nmod":{
        "p":0.793877551,
        "r":0.7955010225,
        "f":0.7946884576
      },
      "nummod":{
        "p":0.8907103825,
        "r":0.8858695652,
        "f":0.8882833787
      },
      "det":{
        "p":0.9643510055,
        "r":0.9696691176,
        "f":0.9670027498
      },
      "nsubj":{
        "p":0.8145315488,
        "r":0.8223938224,
        "f":0.818443804
      },
      "aux":{
        "p":0.9444444444,
        "r":0.9400921659,
        "f":0.9422632794
      },
      "advmod":{
        "p":0.8113636364,
        "r":0.8188073394,
        "f":0.8150684932
      },
      "obj":{
        "p":0.8203309693,
        "r":0.8675,
        "f":0.8432563791
      },
      "cc":{
        "p":0.90625,
        "r":0.8895705521,
        "f":0.8978328173
      },
      "conj":{
        "p":0.6727748691,
        "r":0.6945945946,
        "f":0.6835106383
      },
      "det:predet":{
        "p":0.9473684211,
        "r":1.0,
        "f":0.972972973
      },
      "amod":{
        "p":0.8924242424,
        "r":0.8830584708,
        "f":0.8877166541
      },
      "mark":{
        "p":0.9132231405,
        "r":0.9132231405,
        "f":0.9132231405
      },
      "cop":{
        "p":0.8345864662,
        "r":0.880952381,
        "f":0.8571428571
      },
      "xcomp":{
        "p":0.6559139785,
        "r":0.6354166667,
        "f":0.6455026455
      },
      "obl":{
        "p":0.8094488189,
        "r":0.7514619883,
        "f":0.7793783169
      },
      "acl:relcl":{
        "p":0.7368421053,
        "r":0.7153284672,
        "f":0.7259259259
      },
      "acl":{
        "p":0.625,
        "r":0.6086956522,
        "f":0.6167400881
      },
      "ccomp":{
        "p":0.6842105263,
        "r":0.6290322581,
        "f":0.6554621849
      },
      "expl":{
        "p":0.8974358974,
        "r":0.8974358974,
        "f":0.8974358974
      },
      "nsubj:pass":{
        "p":0.8051948052,
        "r":0.7654320988,
        "f":0.7848101266
      },
      "aux:pass":{
        "p":0.8875,
        "r":0.8987341772,
        "f":0.893081761
      },
      "parataxis":{
        "p":0.3571428571,
        "r":0.1612903226,
        "f":0.2222222222
      },
      "obl:agent":{
        "p":0.7608695652,
        "r":0.8333333333,
        "f":0.7954545455
      },
      "advcl":{
        "p":0.5696202532,
        "r":0.6338028169,
        "f":0.6
      },
      "det:poss":{
        "p":0.9571428571,
        "r":0.9852941176,
        "f":0.9710144928
      },
      "flat":{
        "p":1.0,
        "r":1.0,
        "f":1.0
      },
      "appos":{
        "p":0.4411764706,
        "r":0.3846153846,
        "f":0.4109589041
      },
      "dep":{
        "p":0.0,
        "r":0.0,
        "f":0.0
      },
      "iobj":{
        "p":0.8,
        "r":0.8,
        "f":0.8
      },
      "expl:impers":{
        "p":0.5833333333,
        "r":0.875,
        "f":0.7
      },
      "csubj":{
        "p":0.5384615385,
        "r":0.5384615385,
        "f":0.5384615385
      },
      "compound":{
        "p":0.619047619,
        "r":0.5,
        "f":0.5531914894
      },
      "discourse":{
        "p":0.0,
        "r":0.0,
        "f":0.0
      },
      "fixed":{
        "p":0.9166666667,
        "r":0.7857142857,
        "f":0.8461538462
      },
      "expl:pass":{
        "p":0.6363636364,
        "r":0.6363636364,
        "f":0.6363636364
      },
      "orphan":{
        "p":0.0,
        "r":0.0,
        "f":0.0
      },
      "flat:foreign":{
        "p":1.0,
        "r":1.0,
        "f":1.0
      },
      "vocative":{
        "p":0.3333333333,
        "r":0.3333333333,
        "f":0.3333333333
      }
    },
    "lemma_acc":0.969356578,
    "ents_p":0.8600824654,
    "ents_r":0.8579197692,
    "ents_f":0.858999756,
    "ents_per_type":{
      "LOC":{
        "p":0.8685910757,
        "r":0.9004700353,
        "f":0.8842433217
      },
      "PER":{
        "p":0.8980031605,
        "r":0.8885572139,
        "f":0.8932552158
      },
      "MISC":{
        "p":0.7752910933,
        "r":0.7044517725,
        "f":0.7381757973
      },
      "ORG":{
        "p":0.8139534884,
        "r":0.7674050633,
        "f":0.7899941827
      }
    },
    "speed":11608.7226538337
  },
  "sources":[
    {
      "name":"UD Italian ISDT v2.8",
      "url":"https://github.com/UniversalDependencies/UD_Italian-ISDT",
      "license":"CC BY-NC-SA 3.0",
      "author":"Bosco, Cristina; Lenci, Alessandro; Montemagni, Simonetta; Simi, Maria"
    },
    {
      "name":"WikiNER",
      "url":"https://figshare.com/articles/Learning_multilingual_named_entity_recognition_from_Wikipedia/5462500",
      "license":"CC BY 4.0",
      "author":"Joel Nothman, Nicky Ringland, Will Radford, Tara Murphy, James R Curran"
    }
  ],
  "requirements":[

  ]
}